<?xml version="1.0" encoding="utf-8"?>
<!DOCTYPE extension>
<extension type="file" version="2.5" method="upgrade">
	<name>Comperia Media</name>
	<version>3.1.11</version>
	<creationDate>2013-06</creationDate>
	<author>ComperiaLead.pl</author>
	<authorUrl>http://www.comperialead.pl</authorUrl>
	<copyright>(C) 2013 Comperia S.A. All rights reserved.</copyright>
	<license>GNU/GPLv3 or later</license>
	<description>Media dla Paczki Comperia (css/js/img/less).</description>
	<fileset>
		<files target="media/comperia">
			<folder>css</folder>
			<folder>images</folder>
			<folder>js</folder>
			<folder>less</folder>
			<filename>index.html</filename>
			<filename>manifest.xml</filename>
		</files>
	</fileset>
</extension>
